{
  "roc_auc": 0.550625,
  "roc_auc_ci": {
    "mean": 0.5466251052275064,
    "lower": 0.41110125160462135,
    "upper": 0.7343627450980392,
    "std": 0.0753277379577158
  },
  "average_precision": 0.37148446844755234,
  "average_precision_ci": {
    "mean": 0.4037252722842659,
    "lower": 0.24914736305361304,
    "upper": 0.6017310628682908,
    "std": 0.09563247333552266
  },
  "brier_score": 0.3331134176198282,
  "detected_cases": 0,
  "total_cases": 20,
  "calibration": [
    {
      "bin": 0,
      "lower": 0.0,
      "upper": 0.1,
      "count": 60,
      "event_rate": 0.3333333333333333,
      "confidence": 0.0002965617418846147
    }
  ]
}