{"stouffer_z":2.1768158169,"stouffer_p":0.0147471562,"fisher_p":0.5316208091,"fisher_stat":48.5518611385,"positives":0.0,"total_variants":25.0}