{
  "total_coverage": 17289.0,
  "duplication_rate": 0.6767988334922326,
  "on_target_fraction": 0.005140859551717047,
  "mean_family_size": 3.555212831585441
}